date_utc,rollup_id,l2_fees_eth,rent_paid_eth,profit_eth,txcount
2024-03-13,arbitrum,163.26373134493792,143.402614678161065252,,757942
2024-03-13,base,114.85366534619769,77.068638393361272596,,526962
2024-03-13,optimism,84.9221051346719,78.965009726666503548,,301763
2024-03-14,arbitrum,116.06049377347593,84.302876948069359723,,974454
2024-03-14,base,57.18324192488015,1.024509605659953,,1181906
2024-03-14,optimism,19.80514396873652,0.280405828465843896,,515561
2024-03-15,arbitrum,66.86202739333544,4.686528503024930765,,1303373
2024-03-15,base,43.83980727739485,0.259389698975122496,,1325278
2024-03-15,optimism,15.544907767939424,0.167490407948381736,,723669
